ID,Bank,City,Branch,SWIFT Code
1,"ABADI PRISMA EKAMANDIRI, PT",JAKARTA,,ABPEIDJ1
2,ALLIANZ GLOBAL INVESTORS ASSET MANAGEMENT INDONESIA PT,JAKARTA,,AGVAIDJ2
3,ALLO BANK,JAKARTA,,ALOBIDJA
4,"ANUGERAH SECURINDO INDAH, PT",JAKARTA,,ANSIIDJ1
5,"APERDI, PT",JAKARTA,,APERIDJ1
6,"BAHANA SECURITIES, PT",JAKARTA,,BAEUIDJ1
7,"BANK ANZ INDONESIA, P.T.",JAKARTA,,ANZBIDJX
8,"BANK ARTHA GRAHA INTERNASIONAL TBK, PT",JAKARTA,,ARTGIDJA
9,"BANK BNP PARIBAS INDONESIA, PT",JAKARTA,,BNPAIDJA
10,BANK CENTRAL ASIA,JAKARTA,,CENAIDJA
11,"BANK CHINA CONSTRUCTION BANK INDONESIA, PT TBK",JAKARTA,,WIKEIDJ1
12,"BANK CTBC INDONESIA, PT",BANDUNG,BANDUNG BRANCH,CTCBIDJABDG
13,"BANK CTBC INDONESIA, PT",JAKARTA,,CTCBIDJA
14,"BANK CTBC INDONESIA, PT",SURABAYA,SURABAYA BRANCH,CTCBIDJASBY
15,"BANK DKI, PT.",JAKARTA,,BDKIIDJA
16,BANK INA,JAKARTA,,IAPTIDJA
17,BANK INDONESIA,JAKARTA,,INDOIDJA
18,BANK INDONESIA,JAKARTA,,INDOIDJ2
19,BANK INDONESIA,JAKARTA,BANK DEVISA LUAR NEGERI,INDOIDJ2BLN
20,BANK JAGO,JAKARTA,CBD MEGA K FLOOR 46,JAGBIDJA
21,BANK JASA ARTA PT,JAKARTA,,DJARIDJ1
22,BANK JATENG,SEMARANG,,PDJGIDJA
23,"BANK MANDIRI (PERSERO), PT",BANDUNG,BILLS PROCESSING CENTER BANDUNG,BMRIIDJA852
24,"BANK MANDIRI (PERSERO), PT",JAKARTA,,BMRIIDJA
25,"BANK MANDIRI (PERSERO), PT",JAKARTA,BILLS PROCESSING CENTER JAKARTA,BMRIIDJA107
26,"BANK MANDIRI (PERSERO), PT",JAKARTA,HEAD OFFICE-CUSTODIAL SERVICES,BMRIIDJACUS
27,"BANK MANDIRI (PERSERO), PT",JAKARTA,HEAD OFFICE-EXPORT/IMPORT DEPT,BMRIIDJAEXM
28,"BANK MANDIRI (PERSERO), PT",JAKARTA,HEAD OFFICE-SETTLEMENT DEPT,BMRIIDJASTL
29,"BANK MANDIRI (PERSERO), PT",MEDAN,BILLS PROCESSING CENTER MEDAN,BMRIIDJA853
30,"BANK MANDIRI (PERSERO), PT",SEMARANG,BILLS PROCESSING CENTER SEMARANG,BMRIIDJA854
31,"BANK MANDIRI (PERSERO), PT",SURABAYA,BILLS PROCESSING CENTER SURABAYA,BMRIIDJA851
32,BANK MEGA PT,JAKARTA,,MEGAIDJA
33,BANK MEGA PT. TBK.,JAKARTA,,KBNKIDJ1
34,"BANK MIZUHO INDONESIA, PT.",JAKARTA,,MHCCIDJA
35,BANK NASIONAL,BUKITTINGGI,,NBNKIDJ1
36,BANK NEGARA INDONESIA - PT (PERSERO),AMBON,AMBON BRANCH,BNINIDJAABN
37,BANK NEGARA INDONESIA - PT (PERSERO),BALIGE,BALIGE BRANCH,BNINIDJABLG
38,BANK NEGARA INDONESIA - PT (PERSERO),BALIKPAPAN,BALIKPAPAN BRANCH,BNINIDJABPN
39,BANK NEGARA INDONESIA - PT (PERSERO),BALIKPAPAN,PANDANSARI BRANCH,BNINIDJAPSB
40,BANK NEGARA INDONESIA - PT (PERSERO),BANDA ACEH,BANDA ACEH BRANCH,BNINIDJABDA
41,BANK NEGARA INDONESIA - PT (PERSERO),BANDAR LAMPUNG,BANDAR LAMPUNG BRANCH,BNINIDJABDL
42,BANK NEGARA INDONESIA - PT (PERSERO),BANDUNG,AHMAD YANI BRANCH,BNINIDJAAYI
43,BANK NEGARA INDONESIA - PT (PERSERO),BANDUNG,BANDUNG BRANCH,BNINIDJABDG
44,BANK NEGARA INDONESIA - PT (PERSERO),BANDUNG,IKIP BANDUNG BRANCH,BNINIDJAIKB
45,BANK NEGARA INDONESIA - PT (PERSERO),BANDUNG,ITB BRANCH,BNINIDJAITB
46,BANK NEGARA INDONESIA - PT (PERSERO),BANDUNG,JALAN JENDRAL SUDIRMAN BRANCH,BNINIDJAJJS
47,BANK NEGARA INDONESIA - PT (PERSERO),BANDUNG,JALAN PERINTIS KEMERDEKAAN BANDUNG BRANCH,BNINIDJAJPK
48,BANK NEGARA INDONESIA - PT (PERSERO),BANDUNG,UNPAD BR. BDG.,BNINIDJAUPB
49,BANK NEGARA INDONESIA - PT (PERSERO),BANGKO,BANGKO BRANCH,BNINIDJABKO
50,BANK NEGARA INDONESIA - PT (PERSERO),BANJAR,BANJAR BRANCH,BNINIDJABJR
51,BANK NEGARA INDONESIA - PT (PERSERO),BANJARBARU,BANJARBARU BRANCH,BNINIDJABBR
52,BANK NEGARA INDONESIA - PT (PERSERO),BANJARMASIN,BANJARMASIN BRANCH,BNINIDJABMS
53,BANK NEGARA INDONESIA - PT (PERSERO),BANJARMASIN,PANGERAN ANTASARI BRANCH,BNINIDJAPAB
54,BANK NEGARA INDONESIA - PT (PERSERO),BANYUWANGI,BANYUWANGI BRANCH,BNINIDJABWI
55,BANK NEGARA INDONESIA - PT (PERSERO),BARABAI,BARABAI BRANCH,BNINIDJABBI
56,BANK NEGARA INDONESIA - PT (PERSERO),BATAM,BATAM BRANCH,BNINIDJABTM
57,BANK NEGARA INDONESIA - PT (PERSERO),BATURAJA,BATURAJA BRANCH,BNINIDJABTR
58,BANK NEGARA INDONESIA - PT (PERSERO),BAU-BAU,BAU-BAU BRANCH,BNINIDJABAU
59,BANK NEGARA INDONESIA - PT (PERSERO),BEKASI,BEKASI BRANCH,BNINIDJABKS
60,BANK NEGARA INDONESIA - PT (PERSERO),BELAWAN,BELAWAN BRANCH,BNINIDJABLW
61,BANK NEGARA INDONESIA - PT (PERSERO),BENGKULU,BENGKULU BRANCH,BNINIDJABKL
62,BANK NEGARA INDONESIA - PT (PERSERO),BIAK,BIAK BRANCH,BNINIDJABIK
63,BANK NEGARA INDONESIA - PT (PERSERO),BIMA,BIMA BRANCH,BNINIDJABMA
64,BANK NEGARA INDONESIA - PT (PERSERO),BIREUN,BIREUN BRANCH,BNINIDJABRN
65,BANK NEGARA INDONESIA - PT (PERSERO),BITUNG,BITUNG BRANCH,BNINIDJABIT
66,BANK NEGARA INDONESIA - PT (PERSERO),BLITAR,BLITAR BRANCH,BNINIDJABLT
67,BANK NEGARA INDONESIA - PT (PERSERO),BOGOR,BOGOR BRANCH,BNINIDJABGR
68,BANK NEGARA INDONESIA - PT (PERSERO),BOJONEGORO,BOJONEGORO BRANCH,BNINIDJABRO
69,BANK NEGARA INDONESIA - PT (PERSERO),BONDOWOSO,BONDOWOSO BRANCH,BNINIDJABDO
70,BANK NEGARA INDONESIA - PT (PERSERO),BUKITTINGGI,BUKITTINGGI BRANCH,BNINIDJABTG
71,BANK NEGARA INDONESIA - PT (PERSERO),CEPU,CEPU BRANCH,BNINIDJACPU
72,BANK NEGARA INDONESIA - PT (PERSERO),CIAMIS,CIAMIS BRANCH,BNINIDJACAM
73,BANK NEGARA INDONESIA - PT (PERSERO),CIANJUR,CIANJUR BRANCH,BNINIDJACJR
74,BANK NEGARA INDONESIA - PT (PERSERO),CIKAMPEK,CIKAMPEK BRANCH,BNINIDJACKP
75,BANK NEGARA INDONESIA - PT (PERSERO),CILACAP,CILACAP BRANCH,BNINIDJACLP
76,BANK NEGARA INDONESIA - PT (PERSERO),CILEGON,CILEGON BRANCH,BNINIDJACLG
77,BANK NEGARA INDONESIA - PT (PERSERO),CIMAHI,CIMAHI BDG. BRANCH,BNINIDJACMI
78,BANK NEGARA INDONESIA - PT (PERSERO),CIREBON,CIREBON BRANCH,BNINIDJACRB
79,BANK NEGARA INDONESIA - PT (PERSERO),DENPASAR,DENPASAR BRANCH,BNINIDJADPS
80,BANK NEGARA INDONESIA - PT (PERSERO),DENPASAR,RENON BRANCH,BNINIDJARNN
81,BANK NEGARA INDONESIA - PT (PERSERO),DEPOK,MARGONDA BRANCH,BNINIDJAMGD
82,BANK NEGARA INDONESIA - PT (PERSERO),DILI,DILI-EAST TIM,BNINIDJADLI
83,BANK NEGARA INDONESIA - PT (PERSERO),DUMAI,DUMAI BRANCH,BNINIDJADMI
84,BANK NEGARA INDONESIA - PT (PERSERO),ENDE,ENDE BR. NTT.,BNINIDJAEND
85,BANK NEGARA INDONESIA - PT (PERSERO),GARUT,GARUT BRANCH,BNINIDJAGRT
86,BANK NEGARA INDONESIA - PT (PERSERO),GORONTALO,GORONTALO BRANCH,BNINIDJAGTL
87,BANK NEGARA INDONESIA - PT (PERSERO),GRESIK,GRESIK BRANCH,BNINIDJAGRK
88,BANK NEGARA INDONESIA - PT (PERSERO),GUNUNG SITOLI,GUNUNG SITOLI BRANCH,BNINIDJAGST
89,BANK NEGARA INDONESIA - PT (PERSERO),INDRAMAYU,INDRAMAYU BRANCH,BNINIDJAIDR
90,BANK NEGARA INDONESIA - PT (PERSERO),JAKARTA,,BNINIDJAHII
91,BANK NEGARA INDONESIA - PT (PERSERO),JAKARTA,,BNINIDJA
92,BANK NEGARA INDONESIA - PT (PERSERO),JAKARTA,BANDARA SUKARNO HATTA BRANCH,BNINIDJABSH
93,BANK NEGARA INDONESIA - PT (PERSERO),JAKARTA,DAAN MOGOT BRANCH,BNINIDJADMG
94,BANK NEGARA INDONESIA - PT (PERSERO),JAKARTA,DUKUH BAWAH LANDMARK BRANCH,BNINIDJADKB
95,BANK NEGARA INDONESIA - PT (PERSERO),JAKARTA,FATMAWATI BRANCH,BNINIDJAFMI
96,BANK NEGARA INDONESIA - PT (PERSERO),JAKARTA,GAMBIR BRANCH,BNINIDJAGBR
97,BANK NEGARA INDONESIA - PT (PERSERO),JAKARTA,GUNUNG SAHARI BRANCH,BNINIDJAGNS
98,BANK NEGARA INDONESIA - PT (PERSERO),JAKARTA,HARMONI BRANCH,BNINIDJAHMN
99,BANK NEGARA INDONESIA - PT (PERSERO),JAKARTA,HEAD OFFICE FINANCIAL ANALYSIS AND CONTROL DIVISION,BNINIDJAAPK
100,BANK NEGARA INDONESIA - PT (PERSERO),JAKARTA,HEAD OFFICE INTERNATIONAL DIVISION,BNINIDJADLN
101,BANK NEGARA INDONESIA - PT (PERSERO),JAKARTA,JAKARTA KOTA BRANCH,BNINIDJAJKT
102,BANK NEGARA INDONESIA - PT (PERSERO),JAKARTA,JAKARTA PUSAT BRANCH,BNINIDJAJPU
103,BANK NEGARA INDONESIA - PT (PERSERO),JAKARTA,JALAN RASUNA SAID BRANCH,BNINIDJAJRS
104,BANK NEGARA INDONESIA - PT (PERSERO),JAKARTA,JATINEGARA BRANCH,BNINIDJAJNG
105,BANK NEGARA INDONESIA - PT (PERSERO),JAKARTA,KEBAYORAN BARU BRANCH,BNINIDJAKBY
106,BANK NEGARA INDONESIA - PT (PERSERO),JAKARTA,KRAMAT BRANCH,BNINIDJAKRM
107,BANK NEGARA INDONESIA - PT (PERSERO),JAKARTA,KREKOT BRANCH,BNINIDJAKRK
108,BANK NEGARA INDONESIA - PT (PERSERO),JAKARTA,MANGGA DUA BRANCH,BNINIDJAMDA
109,BANK NEGARA INDONESIA - PT (PERSERO),JAKARTA,MATRAMAN BRANCH,BNINIDJAMTR
110,BANK NEGARA INDONESIA - PT (PERSERO),JAKARTA,MEDAN MERDEKA TIMUR BRANCH,BNINIDJAMDT
111,BANK NEGARA INDONESIA - PT (PERSERO),JAKARTA,MENTENG BRANCH,BNINIDJAMTG
112,BANK NEGARA INDONESIA - PT (PERSERO),JAKARTA,MERDEKA SELATAN BRANCH,BNINIDJAMDS
113,BANK NEGARA INDONESIA - PT (PERSERO),JAKARTA,MH THAMRIN BRANCH,BNINIDJAMHT
114,BANK NEGARA INDONESIA - PT (PERSERO),JAKARTA,PASAR BARU BRANCH,BNINIDJAPBU
115,BANK NEGARA INDONESIA - PT (PERSERO),JAKARTA,PASAR KOJA BRANCH,BNINIDJAPKJ
116,BANK NEGARA INDONESIA - PT (PERSERO),JAKARTA,PASAR MAYESTIK BRANCH,BNINIDJAPMK
117,BANK NEGARA INDONESIA - PT (PERSERO),JAKARTA,PASAR MINGGU BRANCH,BNINIDJAPSM
118,BANK NEGARA INDONESIA - PT (PERSERO),JAKARTA,PECENONGAN BRANCH,BNINIDJAPCG
119,BANK NEGARA INDONESIA - PT (PERSERO),JAKARTA,PETOJO BRANCH,BNINIDJAPTJ
120,BANK NEGARA INDONESIA - PT (PERSERO),JAKARTA,PONDOK INDAH MALL BRANCH,BNINIDJAPIM
121,BANK NEGARA INDONESIA - PT (PERSERO),JAKARTA,RATU PLAZA,BNINIDJARPZ
122,BANK NEGARA INDONESIA - PT (PERSERO),JAKARTA,RAWAMANGUN BRANCH,BNINIDJARWM
123,BANK NEGARA INDONESIA - PT (PERSERO),JAKARTA,ROA MALAKA BRANCH,BNINIDJARMA
124,BANK NEGARA INDONESIA - PT (PERSERO),JAKARTA,SEMANGGI BRANCH,BNINIDJASGI
125,BANK NEGARA INDONESIA - PT (PERSERO),JAKARTA,SENAYAN BRANCH,BNINIDJASNY
126,BANK NEGARA INDONESIA - PT (PERSERO),JAKARTA,SENEN BRANCH,BNINIDJASNN
127,BANK NEGARA INDONESIA - PT (PERSERO),JAKARTA,SYNDICATION DIVISION,BNINIDJASJK
128,BANK NEGARA INDONESIA - PT (PERSERO),JAKARTA,TANAH ABANG BRANCH,BNINIDJATAB
129,BANK NEGARA INDONESIA - PT (PERSERO),JAKARTA,TANJUNG PRIOK BRANCH,BNINIDJATPR
130,BANK NEGARA INDONESIA - PT (PERSERO),JAKARTA,TEBET BRANCH,BNINIDJATEB
131,BANK NEGARA INDONESIA - PT (PERSERO),JAKARTA,TREASURY DIVISION,BNINIDJATRS
132,BANK NEGARA INDONESIA - PT (PERSERO),JAKARTA,UI DEPOK BRANCH,BNINIDJAUID
133,BANK NEGARA INDONESIA - PT (PERSERO),JAKARTA,WISMA ARGO MANUNGGAL BRANCH,BNINIDJAWAM
134,BANK NEGARA INDONESIA - PT (PERSERO),JAKARTA,WISMA EMPAT NAM BRANCH,BNINIDJAWEN
135,BANK NEGARA INDONESIA - PT (PERSERO),JAMBI,JAMBI BRANCH,BNINIDJAJBI
136,BANK NEGARA INDONESIA - PT (PERSERO),JAYAPURA,JAYAPURA BRANCH,BNINIDJAJPA
137,BANK NEGARA INDONESIA - PT (PERSERO),JEMBER,JEMBER BRANCH,BNINIDJAJBR
138,BANK NEGARA INDONESIA - PT (PERSERO),JEPARA,JEPARA BRANCH,BNINIDJAJPR
139,BANK NEGARA INDONESIA - PT (PERSERO),JOMBANG,JOMBANG BRANCH,BNINIDJAJBG
140,BANK NEGARA INDONESIA - PT (PERSERO),KABANJAHE,KABANJAHE BRANCH,BNINIDJAKJH
141,BANK NEGARA INDONESIA - PT (PERSERO),KARAWANG,KARAWANG BRANCH,BNINIDJAKWG
142,BANK NEGARA INDONESIA - PT (PERSERO),KAYU AGUNG,KAYU AGUNG BRANCH,BNINIDJAKYA
143,BANK NEGARA INDONESIA - PT (PERSERO),KEBUMEN,KEBUMEN BRANCH,BNINIDJAKBM
144,BANK NEGARA INDONESIA - PT (PERSERO),KEDIRI,KEDIRI BRANCH,BNINIDJAKDI
145,BANK NEGARA INDONESIA - PT (PERSERO),KENDARI,KENDARI BRANCH,BNINIDJAKDR
146,BANK NEGARA INDONESIA - PT (PERSERO),KETAPANG,KETAPANG BRANCH,BNINIDJAKPG
147,BANK NEGARA INDONESIA - PT (PERSERO),KLATEN,KLATEN BRANCH,BNINIDJAKLA
148,BANK NEGARA INDONESIA - PT (PERSERO),KOTABARU,KOTABARU P. LAUT BRANCH,BNINIDJAKTU
149,BANK NEGARA INDONESIA - PT (PERSERO),KOTABUMI,KOTA BUMI BANCH,BNINIDJAKTI
150,BANK NEGARA INDONESIA - PT (PERSERO),KOTAMOBAGU,KOTAMOBAGU BRANCH,BNINIDJAKTM
151,BANK NEGARA INDONESIA - PT (PERSERO),KUALA TANJUNG,KUALA TANJUNG BRANCH,BNINIDJAKTJ
152,BANK NEGARA INDONESIA - PT (PERSERO),KUALAKAPUAS,KUALAKAPUAS BRANCH,BNINIDJAKKP
153,BANK NEGARA INDONESIA - PT (PERSERO),KUALATUNGKAL,KUALATUNGKAL BRANCH,BNINIDJAKLT
154,BANK NEGARA INDONESIA - PT (PERSERO),KUDUS,KUDUS BRANCH,BNINIDJAKDS
155,BANK NEGARA INDONESIA - PT (PERSERO),KUNINGAN,KUNINGAN BRANCH,BNINIDJAKNG
156,BANK NEGARA INDONESIA - PT (PERSERO),KUPANG,KUPANG BRANCH - EAST NUSATENGGARA,BNINIDJAKPA
157,BANK NEGARA INDONESIA - PT (PERSERO),LANGSA,LANGSA BRANCH,BNINIDJALGS
158,BANK NEGARA INDONESIA - PT (PERSERO),LEGIAN,LEGIAN BRANCH,BNINIDJALGA
159,BANK NEGARA INDONESIA - PT (PERSERO),LHOKSEUMAWE,LHOKSEUMAWE BRANCH,BNINIDJALSW
160,BANK NEGARA INDONESIA - PT (PERSERO),LUBUKLINGGAU,LUBUKLINGGAU BRANCH,BNINIDJALLG
161,BANK NEGARA INDONESIA - PT (PERSERO),LUMAJANG,LUMAJANG BRANCH,BNINIDJALMJ
162,BANK NEGARA INDONESIA - PT (PERSERO),LUWUK,LUWUK BRANCH,BNINIDJALWK
163,BANK NEGARA INDONESIA - PT (PERSERO),MADIUN,MADIUN BRANCH,BNINIDJAMAD
164,BANK NEGARA INDONESIA - PT (PERSERO),MAGELANG,MAGELANG BRANCH,BNINIDJAMGL
165,BANK NEGARA INDONESIA - PT (PERSERO),MAJALAYA,MAJALAYA BRANCH,BNINIDJAMJL
166,BANK NEGARA INDONESIA - PT (PERSERO),MALANG,MALANG BRANCH,BNINIDJAMLG
167,BANK NEGARA INDONESIA - PT (PERSERO),MALANG,UNIBRAW BR. MLG.,BNINIDJAUBM
168,BANK NEGARA INDONESIA - PT (PERSERO),MANADO,MANADO BRANCH,BNINIDJAMDO
169,BANK NEGARA INDONESIA - PT (PERSERO),MANADO,PS. KANAKA BRANCH,BNINIDJAKNK
170,BANK NEGARA INDONESIA - PT (PERSERO),MANOKWARI,MANOKWARI BRANCH,BNINIDJAMWI
171,BANK NEGARA INDONESIA - PT (PERSERO),MATARAM,MATARAM BRANCH,BNINIDJAMTA
172,BANK NEGARA INDONESIA - PT (PERSERO),MAUMERE,MAUMERE BRANCH,BNINIDJAMRE
173,BANK NEGARA INDONESIA - PT (PERSERO),MEDAN,JL. SUTOMO MEDAN BRANCH,BNINIDJAJSM
174,BANK NEGARA INDONESIA - PT (PERSERO),MEDAN,MEDAN BRANCH,BNINIDJAMDN
175,BANK NEGARA INDONESIA - PT (PERSERO),MEDAN,UNIV. SUMUT BRANCH,BNINIDJAUSU
176,BANK NEGARA INDONESIA - PT (PERSERO),METRO,METRO BRANCH,BNINIDJAMET
177,BANK NEGARA INDONESIA - PT (PERSERO),MEULABOH,MEULABOH BRANCH,BNINIDJAMBO
178,BANK NEGARA INDONESIA - PT (PERSERO),NUNUKAN,NUNUKAN BRANCH,BNINIDJANNK
179,BANK NEGARA INDONESIA - PT (PERSERO),PADANG,AHMAD YANI PADANG BRANCH,BNINIDJAAYP
180,BANK NEGARA INDONESIA - PT (PERSERO),PADANG,IMAM BONJOL BRANCH,BNINIDJAIBP
181,BANK NEGARA INDONESIA - PT (PERSERO),PADANG,PADANG BRANCH,BNINIDJAPDG
182,BANK NEGARA INDONESIA - PT (PERSERO),PADANG SIDEMPUAN,PADANG SIDEMPUAN BRANCH,BNINIDJAPDS
183,BANK NEGARA INDONESIA - PT (PERSERO),PALANGKARAYA,PALANGKARAYA BRANCH,BNINIDJAPRY
184,BANK NEGARA INDONESIA - PT (PERSERO),PALEMBANG,BOOM BARU BRANCH,BNINIDJABBP
185,BANK NEGARA INDONESIA - PT (PERSERO),PALEMBANG,JEMBATAN AMPERA PALEMBANG BRANCH,BNINIDJAJAP
186,BANK NEGARA INDONESIA - PT (PERSERO),PALEMBANG,MUSI PALEMBANG BRANCH,BNINIDJAMSP
187,BANK NEGARA INDONESIA - PT (PERSERO),PALEMBANG,PALEMBANG BRANCH,BNINIDJAPBG
188,BANK NEGARA INDONESIA - PT (PERSERO),PALOPO,PALOPO BRANCH,BNINIDJAPLP
189,BANK NEGARA INDONESIA - PT (PERSERO),PALU,PALU BRANCH,BNINIDJAPLU
190,BANK NEGARA INDONESIA - PT (PERSERO),PAMEKASAN,PAMEKASAN BRANCH,BNINIDJAPKN
191,BANK NEGARA INDONESIA - PT (PERSERO),PANGKAL PINANG,PANGKAL PINANG BRANCH,BNINIDJAPKP
192,BANK NEGARA INDONESIA - PT (PERSERO),PANGKALAN BUN,PANGKALAN BUN BRANCH,BNINIDJAPKB
193,BANK NEGARA INDONESIA - PT (PERSERO),PANJANG,PANJANG BRANCH,BNINIDJAPJG
194,BANK NEGARA INDONESIA - PT (PERSERO),PARE-PARE,PARE-PARE BRANCH,BNINIDJAPRE
195,BANK NEGARA INDONESIA - PT (PERSERO),PASURUAN,PASURUAN BRANCH,BNINIDJAPSN
196,BANK NEGARA INDONESIA - PT (PERSERO),PATI,PATI BRANCH,BNINIDJAPTI
197,BANK NEGARA INDONESIA - PT (PERSERO),PAYAKUMBUH,PAYAKUMBUH BRANCH,BNINIDJAPYK
198,BANK NEGARA INDONESIA - PT (PERSERO),PEKALONGAN,PEKALONGAN BRANCH,BNINIDJAPKL
199,BANK NEGARA INDONESIA - PT (PERSERO),PEKANBARU,PASAR PUSAT PEKANBARU BRANCH,BNINIDJAPPP
200,BANK NEGARA INDONESIA - PT (PERSERO),PEKANBARU,PEKANBARU BRANCH,BNINIDJAPBR
201,BANK NEGARA INDONESIA - PT (PERSERO),PEMANGKAT,PEMANGKAT BRANCH,BNINIDJAPMT
202,BANK NEGARA INDONESIA - PT (PERSERO),PEMATANG SIANTAR,PEMATANG SIANTAR BRANCH,BNINIDJAPMS
203,BANK NEGARA INDONESIA - PT (PERSERO),POLEWALI,POLEWALI BRANCH,BNINIDJAPLW
204,BANK NEGARA INDONESIA - PT (PERSERO),PONOROGO,PONOROGO BRANCH,BNINIDJAPON
205,BANK NEGARA INDONESIA - PT (PERSERO),PONTIANAK,PONTIANAK BRANCH,BNINIDJAPNK
206,BANK NEGARA INDONESIA - PT (PERSERO),POSO,POSO BRANCH,BNINIDJAPSO
207,BANK NEGARA INDONESIA - PT (PERSERO),PRABUMULIH,PRABUMULIH BRANCH,BNINIDJAPBM
208,BANK NEGARA INDONESIA - PT (PERSERO),PROBOLINGGO,PROBOLINGGO BRANCH,BNINIDJAPRB
209,BANK NEGARA INDONESIA - PT (PERSERO),PURBALINGGA,PURBALINGGA BRANCH,BNINIDJAPBL
210,BANK NEGARA INDONESIA - PT (PERSERO),PURWAKARTA,PURWAKARTA BRANCH,BNINIDJAPWK
211,BANK NEGARA INDONESIA - PT (PERSERO),PURWOKERTO,PURWOKERTO BRANCH,BNINIDJAPWO
212,BANK NEGARA INDONESIA - PT (PERSERO),PURWOREJO,PURWOREJO BRANCH,BNINIDJAPWR
213,BANK NEGARA INDONESIA - PT (PERSERO),RANGKASBITUNG,RANGKASBITUNG BRANCH,BNINIDJARKB
214,BANK NEGARA INDONESIA - PT (PERSERO),RENGAT,RENGAT BRANCH,BNINIDJARGT
215,BANK NEGARA INDONESIA - PT (PERSERO),SALATIGA,SALATIGA BRANCH,BNINIDJASLG
216,BANK NEGARA INDONESIA - PT (PERSERO),SAMARINDA,SAMARINDA BRANCH,BNINIDJASMD
217,BANK NEGARA INDONESIA - PT (PERSERO),SAMPIT,SAMPIT BRANCH,BNINIDJASPT
218,BANK NEGARA INDONESIA - PT (PERSERO),SELAT PANJANG,SELAT PANJANG BRANCH,BNINIDJASLP
219,BANK NEGARA INDONESIA - PT (PERSERO),SEMARANG,KARANGAYU BRANCH,BNINIDJAKRU
220,BANK NEGARA INDONESIA - PT (PERSERO),SEMARANG,SEMARANG BRANCH,BNINIDJASMG
221,BANK NEGARA INDONESIA - PT (PERSERO),SEMARANG,UNDIP BR. SMG.,BNINIDJAUDS
222,BANK NEGARA INDONESIA - PT (PERSERO),SENGKANG,SENGKANG BRANCH,BNINIDJASKG
223,BANK NEGARA INDONESIA - PT (PERSERO),SERANG,SERANG BRANCH,BNINIDJASRG
224,BANK NEGARA INDONESIA - PT (PERSERO),SIBOLGA,SIBOLGA BRANCH,BNINIDJASBG
225,BANK NEGARA INDONESIA - PT (PERSERO),SIDOARJO,SIDOARJO BRANCH,BNINIDJASDA
226,BANK NEGARA INDONESIA - PT (PERSERO),SIGLI,SIGLI BRANCH,BNINIDJASGL
227,BANK NEGARA INDONESIA - PT (PERSERO),SINGARAJA,SINGARAJA BRANCH,BNINIDJASGR
228,BANK NEGARA INDONESIA - PT (PERSERO),SINGKAWANG,SINGKAWANG BRANCH,BNINIDJASKW
229,BANK NEGARA INDONESIA - PT (PERSERO),SITUBONDO,SITUBONDO BRANCH,BNINIDJASTB
230,BANK NEGARA INDONESIA - PT (PERSERO),SORONG,SORONG BRANCH,BNINIDJASOR
231,BANK NEGARA INDONESIA - PT (PERSERO),SUBANG,SUBANG BRANCH,BNINIDJASUB
232,BANK NEGARA INDONESIA - PT (PERSERO),SUKABUMI,SUKABUMI BRANCH,BNINIDJASKM
233,BANK NEGARA INDONESIA - PT (PERSERO),SUMBAWA BESAR,SUMBAWA BESAR BRANCH,BNINIDJASBW
234,BANK NEGARA INDONESIA - PT (PERSERO),SUMEDANG,SUMEDANG BRANCH,BNINIDJASDG
235,BANK NEGARA INDONESIA - PT (PERSERO),SUMENEP,SUMENEP BRANCH,BNINIDJASMP
236,BANK NEGARA INDONESIA - PT (PERSERO),SUNGAIPENUH,SUNGAIPENUH BRANCH,BNINIDJASPN
237,BANK NEGARA INDONESIA - PT (PERSERO),SURABAYA,AIRLANGGA UNIVERSITY BRANCH,BNINIDJAUAS
238,BANK NEGARA INDONESIA - PT (PERSERO),SURABAYA,JEMBATAN MERAH BRANCH,BNINIDJAJTM
239,BANK NEGARA INDONESIA - PT (PERSERO),SURABAYA,KUSUMA BANGSA BRANCH,BNINIDJAKBS
240,BANK NEGARA INDONESIA - PT (PERSERO),SURABAYA,SURABAYA BRANCH,BNINIDJASBY
241,BANK NEGARA INDONESIA - PT (PERSERO),SURABAYA,TANJUNG PERAK BRANCH,BNINIDJATPK
242,BANK NEGARA INDONESIA - PT (PERSERO),SURABAYA,URIP SUMOHARJO BRANCH,BNINIDJAUSM
243,BANK NEGARA INDONESIA - PT (PERSERO),SURAKARTA,PASAR KLEWER SURAKARTA BRANCH,BNINIDJAPKS
244,BANK NEGARA INDONESIA - PT (PERSERO),SURAKARTA,SURAKARTA BRANCH,BNINIDJASLO
245,BANK NEGARA INDONESIA - PT (PERSERO),SURAKARTA,UNIV.SEBELAS MARET BRANCH,BNINIDJASMR
246,BANK NEGARA INDONESIA - PT (PERSERO),TAHUNA,TAHUNA BRANCH,BNINIDJATHN
247,BANK NEGARA INDONESIA - PT (PERSERO),TANGERANG,TANGERANG BRANCH,BNINIDJATRG
248,BANK NEGARA INDONESIA - PT (PERSERO),TANJUNG KARANG,TANJUNG KARANG BRANCH,BNINIDJATKR
249,BANK NEGARA INDONESIA - PT (PERSERO),TANJUNG PINANG,TANJUNG PINANG BRANCH,BNINIDJATPN
250,BANK NEGARA INDONESIA - PT (PERSERO),TANJUNGREDEB,TANJUNGREDEB BRANCH,BNINIDJATRB
251,BANK NEGARA INDONESIA - PT (PERSERO),TARAKAN,TARAKAN BRANCH,BNINIDJATRN
252,BANK NEGARA INDONESIA - PT (PERSERO),TASIKMALAYA,TASIKMALAYA BRANCH,BNINIDJATMA
253,BANK NEGARA INDONESIA - PT (PERSERO),TEBING TINGGI,TEBINGTINGGI BRANCH,BNINIDJATTI
254,BANK NEGARA INDONESIA - PT (PERSERO),TEGAL,TEGAL BRANCH,BNINIDJATGL
255,BANK NEGARA INDONESIA - PT (PERSERO),TEMANGGUNG,TEMANGGUNG BRANCH,BNINIDJATMG
256,BANK NEGARA INDONESIA - PT (PERSERO),TEMBILAHAN,TEMBILAHAN BRANCH,BNINIDJATBH
257,BANK NEGARA INDONESIA - PT (PERSERO),TERNATE,TERNATE BRANCH,BNINIDJATNT
258,BANK NEGARA INDONESIA - PT (PERSERO),TG. BALAI,TANJUNG BALAI KARIMUN BRANCH,BNINIDJATBK
259,BANK NEGARA INDONESIA - PT (PERSERO),TG. BALAI ASAHAN,TG. BALAI ASAHAN,BNINIDJATBA
260,BANK NEGARA INDONESIA - PT (PERSERO),TOBELO,TOBELO BRANCH,BNINIDJATBL
261,BANK NEGARA INDONESIA - PT (PERSERO),TOLI-TOLI,TOLI-TOLI BRANCH,BNINIDJATLI
262,BANK NEGARA INDONESIA - PT (PERSERO),TUBAN,TUBAN BRANCH - EAST JAVA,BNINIDJATUB
263,BANK NEGARA INDONESIA - PT (PERSERO),TULUNGAGUNG,TULUNGAGUNG,BNINIDJATLA
264,BANK NEGARA INDONESIA - PT (PERSERO),UJUNG PANDANG,MATTOANGIN BRANCH,BNINIDJAMAT
265,BANK NEGARA INDONESIA - PT (PERSERO),UJUNG PANDANG,UJUNG PANDANG BRANCH,BNINIDJAUPG
266,BANK NEGARA INDONESIA - PT (PERSERO),WATANSOPPENG,WATANSOPPENG BRANCH,BNINIDJAWTS
267,BANK NEGARA INDONESIA - PT (PERSERO),WONOGIRI,WONOGIRI BRANCH,BNINIDJAWGR
268,BANK NEGARA INDONESIA - PT (PERSERO),WONOKROMO,WONOKROMO BRANCH,BNINIDJAWNK
269,BANK NEGARA INDONESIA - PT (PERSERO),WONOSOBO,WONOSOBO BRANCH,BNINIDJAWSB
270,BANK NEGARA INDONESIA - PT (PERSERO),YOGYAKARTA,UGM BRANCH,BNINIDJAUGM
271,BANK NEGARA INDONESIA - PT (PERSERO),YOGYAKARTA,YOGYAKARTA BRANCH,BNINIDJAYGY
272,"BANK OF AMERICA, N.A. JAKARTA BRANCH",JAKARTA,,BOFAID2X
273,"BANK OF AMERICA, N.A. JAKARTA BRANCH",JAKARTA,,BOFAID2XGRC
274,"BANK OF CHINA (HONG KONG) LIMITED, JAKARTA BRANCH",JAKARTA,,BKCHIDJA
275,BANK RESONA PERDANIA PT.,JAKARTA,,BPIAIDJA
276,BANK SAHABAT SAMPOERNA,JAKARTA,,SAHMIDJA
277,BANK SINARMAS,JAKARTA,,SBJKIDJA
278,BANK SWAGUNA PT,JAKARTA,,SWABIDJ1
279,"BANK TABUNGAN NEGARA (PERSERO), PT.",JAKARTA,HEAD OFFICE,BTANIDJA
280,"BANK TABUNGAN NEGARA (PERSERO), PT.",MEDAN,,BTANIDJ10SS
281,"BANK TABUNGAN NEGARA (PERSERO), PT.",SURABAYA,,BTANIDJ10JD
282,BCA SEKURITAS PT,JAKARTA,,DINUIDJ1
283,BINA TATALAKSANA PASIFIK PT,JAKARTA,,BITPIDJ1
284,"BINAARTHA PARAMA,PT",JAKARTA,,BINRIDJ1
285,"BINAARTHA PARAMA,PT",SURABAYA,,BINRIDJ10JD
286,BOMAR SECURITIES PT,JAKARTA,,BOMSIDJ1
287,BT PRIMA SECURITIES INDONESIA PT,JAKARTA,,PRSIIDJ1
288,"BUANAMAS INVESTINDO,PT",JAKARTA,,BUAIIDJ1
289,BURSA BERJANGKA JAKARTA (JAKARTA FUTURES EXCHANGE),JAKARTA,,XBBJIDJ1
290,"BZW NIAGA SECURITIES, PT",JAKARTA,,BZNSIDJ1
291,"CGS-CIMB SEKURITAS INDONESIA, PT",JAKARTA,,GOHOIDJ1
292,"CGS-CIMB SEKURITAS INDONESIA, PT",JAKARTA,,NIASIDJ1
293,"CITIBANK, N.A.",BANDUNG,,CITIIDJXBDG
294,"CITIBANK, N.A.",JAKARTA,,CITIIDJX
295,"CITIBANK, N.A.",MEDAN,,CITIIDJXMDN
296,"CITIBANK, N.A.",SURABAYA,,CITIIDJXSBY
297,CLSA SEKURITAS INDONESIA,JAKARTA,,CLSAIDJ1
298,"DANAMON SECURITAS,PT",JAKARTA,,DANEIDJ1
299,DANASAKTI SEKURITAS INDONESIA,JAKARTA,,DANRIDJ1
300,DEUTSCHE BANK AG,JAKARTA,,DEUTIDJA
301,DEUTSCHE BANK AG,JAKARTA,DBJK INVESTMENT BANKING OPS,DEUTIDJAIBO
302,DEUTSCHE BANK AG,JAKARTA,DEUTSCHE SECURITIES INDONESIA,DEUTIDJADSI
303,"DWIDANA SAKTI SEKURINDO, PT",JAKARTA,,DWSSIDJ1
304,"E-CAPITAL SECURITIES, PT",JAKARTA,,SURAIDJ1
305,HSBC SECURITIES INDONESIA PT.,JAKARTA,,HSSEIDJ1
306,"HSBC SECURITIES INDONESIA, PT",JAKARTA,,WJCAIDJ1
307,INDONESIA EXIMBANK,JAKARTA,,BEXIIDJA
308,INDONESIA STOCK EXCHANGE,JAKARTA,,XJKTIDJ1
309,"INTI FIKASA SEKURINDO, PT",JAKARTA,,INFEIDJ1
310,JAKARTA NEGOTIATED BOARD,JAKARTA,,XJNBIDJ1
311,"JPMORGAN CHASE BANK, N.A., JAKARTA BRANCH",JAKARTA,,CHASIDJX
312,"JPMORGAN CHASE BANK, N.A., JAKARTA BRANCH",JAKARTA,TELEX AND S.W.I.F.T. MESSAGE ENQUIRIES,CHASIDJXENQ
313,"KESTREL SEKURITAS INDONESIA,PT",JAKARTA,,KESIIDJ1
314,KUSTODIAN SENTRAL EFEK INDONESIA PT,JAKARTA,,KSEIIDJA
315,MUAMALAT,SEMARANG,,MUAMIDJ1
316,"MUFG BANK, LTD. JAKARTA BRANCH",JAKARTA,JAKARTA BRANCH,BOTKIDJX
317,"MULTICOR SECURITIES, PT",JAKARTA,,MULSIDJ1
318,NIKKO SECURITIES INDONESIA PT,JAKARTA,,NIKKIDJ1
319,OCBC,BANDUNG,ASIA AFRIKA BRANCH,NISPIDJ1BDG
320,OCBC,BATAM,,NISPIDJ1BTM
321,OCBC,JAKARTA,,NISPIDJA
322,OCBC,SEMARANG,,NISPIDJ1SMG
323,OCBC,SURABAYA,,NISPIDJ1SBY
324,"OCBC SIKAP SECURITIES, PT",JAKARTA,,OCSSIDJ1
325,P. T. NOMURA INDONESIA,JAKARTA,,NOMIIDJ1
326,P.T. BANK MULTI ARTA SENTOSA,JAKARTA,,BMSEIDJA
327,P.T. GOLDMAN SACHS INDONESIA,JAKARTA,,GOSDIDJ1
328,P.T. SAMSUNG ELECTRONICS INDONESIA,BEKASI,,SECTIDJ1
329,P.T. SAMSUNG ELECTRONICS INDONESIA,BEKASI,SEIN,SECTIDJ1570
330,P.T. SAMSUNG ELECTRONICS INDONESIA,JAKARTA,STIN,SECTIDJ1571
331,PAN INDONESIA BANK PT.,JAKARTA,,PINBIDJA
332,"PANIN CAPITAL, PT",JAKARTA,,PANCIDJ1
333,"PANIN CAPITAL, PT",SURABAYA,,PANCIDJ10JD
334,PARAMITRA ALFA SEKURITAS,JAKARTA,,PEKUIDL1
335,POS INDONESIA,BANDUNG,POS INDONESIA HQ,POIDIDJ1
336,PRIMASIA SECURITIES PT,JAKARTA,,MANRIDJ1
337,PT ABACUS CAPITAL INDONESIA,JAKARTA,,PTACIDJ1
338,PT AIA FINANCIAL,JAKARTA,,AIACIDJA
339,PT AIA FINANCIAL,TANGERANG,GENERAL INVESTMENT OPERATIONS,AIACIDJ1GIO
340,PT ALDIRACITA CORPOTAMA,JAKARTA,,ALDCIDJ1
341,PT ANTABOGA DELTA SEKURITAS INDONESIA,JAKARTA,,ADSIIDJ1
342,PT BAHANA SEKURITAS,JAKARTA,,REKSIDJ1
343,PT BANK ACEH SYARIAH,BANDA ACEH,,ACEHIDSS
344,PT BANK BNP PARIBAS INDONESIA,JAKARTA,,AEHLIDJ1
345,PT BANK BTPN TBK,JAKARTA,,SUNIIDJA
346,PT BANK BUMI ARTA TBK,JAKARTA,,BBAIIDJA
347,"PT BANK CAPITAL INDONESIA, TBK",JAKARTA,,BCIAIDJA
348,PT BANK CHINA CONSTRUCTION BANK INDONESIA TBK,JAKARTA,,BWKIIDJA
349,PT BANK COMMONWEALTH,SURABAYA,,ARNKIDJ1
350,PT BANK DBS INDONESIA,JAKARTA,,DBSBIDJA
351,PT BANK DBS INDONESIA,JAKARTA,JAKARTA BRANCH,DBSBIDJAIBD
352,PT BANK DBS INDONESIA,SURABAYA,SYRABAYA BRANCH,DBSBIDJASBY
353,PT BANK DIGITAL BCA,JAKARTA,,BBLUIDJA
354,PT BANK HSBC INDONESIA,BANDUNG,,HSBCIDJABAN
355,PT BANK HSBC INDONESIA,BATAM,,HSBCIDJABAT
356,PT BANK HSBC INDONESIA,JAKARTA,,HSBCIDJA
357,PT BANK HSBC INDONESIA,JAKARTA,HSS DCC INDONESIA,HSBCIDJADCC
358,PT BANK HSBC INDONESIA,JAKARTA,WEALTH BUSINESS SERVICES,HSBCIDJAWBS
359,PT BANK HSBC INDONESIA,MEDAN,,HSBCIDJAMDN
360,PT BANK HSBC INDONESIA,SEMARANG,,HSBCIDJASEM
361,PT BANK HSBC INDONESIA,SURABAYA,,HSBCIDJASBA
362,PT BANK IBK INDONESIA TBK,JAKARTA,,IBKOIDJA
363,PT BANK ICBC INDONESIA,JAKARTA,,ICBKIDJA
364,PT BANK ICBC INDONESIA,SURABAYA,,HAINIDJ1
365,PT BANK INDEX SELINDO,JAKARTA,,BIDXIDJA
366,PT BANK KB BUKOPIN TBK,JAKARTA,,BBUKIDJA
367,PT BANK MAYBANK INDONESIA TBK,JAKARTA,,IBBKIDJA
368,PT BANK MAYBANK INDONESIA TBK,JAKARTA,EXPEND CONTROL DEPT.,IBBKIDJADEX
369,PT BANK MAYBANK INDONESIA TBK,JAKARTA,JUANDA BRANCH,IBBKIDJA138
370,PT BANK MAYBANK INDONESIA TBK,JAKARTA,KALIBESAR BRANCH,IBBKIDJA001
371,PT BANK MAYBANK INDONESIA TBK,JAKARTA,PANGLIMA POLIM BRANCH,IBBKIDJA008
372,PT BANK MAYBANK INDONESIA TBK,JAKARTA,THAMRIN BRANCH,IBBKIDJA003
373,PT BANK MAYBANK INDONESIA TBK,JAKARTA,UUS TREASURY,IBBKIDJATRS
374,PT BANK MESTIKA DHARMA TBK,MEDAN,,BMDMIDJA
375,"PT BANK PANIN DUBAI SYARIAH, TBK",JAKARTA,,PNBSIDJA
376,"PT BANK PERMATA, TBK",BANDUNG,,BBBAIDJ10J6
377,"PT BANK PERMATA, TBK",JAKARTA,,BBBAIDJA
378,"PT BANK PERMATA, TBK",MEDAN,,BBBAIDJ10SS
379,"PT BANK PERMATA, TBK",SEMARANG,,BBBAIDJ10J8
380,"PT BANK PERMATA, TBK",SURABAYA,,BBBAIDJ10JD
381,PT BANK QNB INDONESIA TBK,JAKARTA,,AWANIDJA
382,PT BANK QNB INDONESIA TBK,JAKARTA,,KESBIDS1
383,PT BANK RABOBANK INTERNATIONAL INDONESIA,JAKARTA,,BHAGIDS1
384,PT BANK RIAU KEPRI SYARIAH (PERSERODA),PEKANBARU,,PDRIIDJA
385,PT BANK SULSELBAR,MAKASSAR,KANTOR PUSAT,PDWSIDJA
386,PT BANK SYARIAH INDONESIA TBK,JAKARTA,,BSMDIDJA
387,PT BANK UOB INDONESIA,BANDUNG,,BBIJIDJA004
388,PT BANK UOB INDONESIA,DENPASAR,,BBIJIDJ1024
389,PT BANK UOB INDONESIA,DENPASAR,DENPASAR BRANCH,BBIJIDJ10BD
390,PT BANK UOB INDONESIA,JAKARTA,,BBIJIDJA
391,PT BANK UOB INDONESIA,MEDAN,,BBIJIDJA002
392,PT BANK UOB INDONESIA,SURABAYA,,BBIJIDJA003
393,PT BENTOEL INTERNASIONAL INVESTAMA,JAKARTA,,BATSIDA1
394,PT BENTOEL PRIMA,MALANG,,BATSID21
395,PT BNI SEKURITAS,JAKARTA,,BNIKIDJ2
396,PT BNP PARIBAS INVESTMENT PARTNERS,JAKARTA,,BPIEIDJ1
397,PT BUANA CAPITAL,JAKARTA,,BUNCIDJ1
398,PT BUANA CAPITAL SEKURITAS,JAKARTA,,BUAKIDJ1
399,PT BUMIPUTERA SEKURITAS,JAKARTA,,FISNIDJ1
400,PT CIPTADANA SEKURITAS ASIA,JAKARTA,,CIUEIDJ1
401,PT CREDIT SUISSE SEKURITAS INDONESIA,JAKARTA,,CRESIDJ1
402,PT DANATAMA MAKMUR,JAKARTA,,DANMIDJ1
403,PT DBS VICKERS SEKURITAS INDONESIA,JAKARTA,,TRSEIDJ1
404,PT DEUTSCHE SEKURITAS INDONESIA,JAKARTA,,MGIAIDJ1
405,PT DHANAWIBAWA ARTHA CEMERLANG,JAKARTA,,DWACIDJ1
406,PT DOMPET ANAK BANGSA,JAKARTA,,GOPYIDJA
407,PT EASTSPRING INVESTMENTS INDONESIA,JAKARTA,,EAIIIDJ1
408,PT EFICORP SEKURITAS,JAKARTA,,SATSIDJ1
409,PT FITCH RATINGS INDONESIA,JAKARTA,,FRIPIDJ1
410,PT GOTO GOJEK TOKOPEDIA TBK,JAKARTA,,GOJKIDJA
411,PT HENAN PUTIHRAI,JAKARTA,,HENPIDJ1
412,PT INDO PREMIER SEKURITAS,JAKARTA,,INPUIDJ1
413,PT J.P. MORGAN SEKURITAS INDONESIA,JAKARTA,,CHASIDS1
414,PT KAF SEKURITAS INDONESIA,JAKARTA,,KASDIDJ2
415,PT KGI SEKURITAS INDONESIA,JAKARTA,,KGSIIDJ2
416,PT KGI SEKURITAS INDONESIA,JAKARTA,HEAD QUARTER,KGSIIDJ2HQX
417,PT KIWOOM SEKURITAS INDONESIA,JAKARTA,,KIWOIDJ2
418,PT KOREA INVESTMENT AND SEKURITAS INDONESIA,JAKARTA,,AMCEIDJ1
419,PT KOREA INVESTMENT AND SEKURITAS INDONESIA,JAKARTA,,KISIIDJ2
420,PT KRESNA GRAHA INVESTAMA TBK,JAKARTA,,KGSTIDJ1
421,PT LIPPO SECURITIES TBK,TANGERANG,,LIPSIDJ1
422,PT LOTUS ANDALAN SEKURITAS,JAKARTA,,LAUSIDJ1
423,PT MACQUARIE CAPITAL SECURITIES INDONESIA,JAKARTA,,IBSEIDJ1
424,PT MAKINDO SECURITIES,JAKARTA,,SEMAIDJ1
425,PT MANDIRI SEKURITAS,JAKARTA,,EXISIDJ1
426,PT MANDIRI SEKURITAS,JAKARTA,,MEREIDJ1
427,PT MERRILL LYNCH SEKURITAS INDONESIA,JAKARTA,,MLIOIDJ1
428,PT MIRAE ASSET SEKURITAS INDONESIA,JAKARTA,,MAKNIDJ1
429,PT MNC INVESTAMA TBK,JAKARTA,,BHANIDJ1
430,PT MULTI KARYA UTAMA ABADI,BANDUNG,,MKUAIDJ2
431,PT NISP SEKURITAS,JAKARTA,,ABSDIDJ1
432,PT RHB ASSET MANAGEMENT INDONESIA,JAKARTA,,RAMDIDJ1
433,PT SAMUEL SEKURITAS INDONESIA,JAKARTA,,NUSCIDJ1
434,PT SAMUEL SEKURITAS INDONESIA,JAKARTA,,SAKIIDJ1
435,PT SCHRODER INVESTMENT MANAGEMENT INDONESIA,JAKARTA,,SIMDIDJ1
436,PT SEMESTA INDOVEST SEKURITAS,JAKARTA,,SEMIIDJ1
437,PT SUCOR SEKURITAS,JAKARTA,,SUCGIDJ1
438,PT SUCOR SEKURITAS,SURABAYA,,SUCGIDJ10JD
439,PT SUN LIFE INDONESIA SERVICES,JAKARTA,,SLISIDJ1
440,PT SUPRA SECURINVEST,JAKARTA,,SUPEIDJ1
441,PT TRAVELOKA INDONESIA,TANGERANG,,TRVIIDJA
442,PT TRIMEGAH SECURITIES TBK,JAKARTA,,TRSSIDJ1
443,PT UBS SECURITIES INDONESIA,JAKARTA,,SBWNIDJ1
444,PT UBS SECURITIES INDONESIA,JAKARTA,,SBWIIDJ2
445,PT VERDHANA SEKURITAS INDONESIA,JAKARTA,,VESNIDJ2
446,PT. AMANAH ANTAR ARTA,CIREBON,,AMTAIDJ2
447,"PT. BANK CIMB NIAGA, TBK.",BANDUNG,LEMBONG BRANCH,BNIAIDJ10J6
448,"PT. BANK CIMB NIAGA, TBK.",JAKARTA,GAJAH MADA REGIONAL OFFICE,BNIAIDJAGMA
449,"PT. BANK CIMB NIAGA, TBK.",JAKARTA,HEAD OFFICE OPERATION,BNIAIDJA
450,"PT. BANK CIMB NIAGA, TBK.",JAKARTA,THAMRIN BRANCH,BNIAIDJATHM
451,"PT. BANK CIMB NIAGA, TBK.",LAMPUNG,LAMPUNG BRANCH,BNIAIDJ10S2
452,"PT. BANK CIMB NIAGA, TBK.",MEDAN,MEDAN BRANCH,BNIAIDJ10SS
453,"PT. BANK CIMB NIAGA, TBK.",SEMARANG,SEMARANG BRANCH,BNIAIDJASMG
454,"PT. BANK CIMB NIAGA, TBK.",SURABAYA,TUNUNGAN BRANCH,BNIAIDJATUN
455,"PT. BANK CIMB NIAGA, TBK.",UJUNG PANDANG,UJUNG PANDANG BRANCH,BNIAIDJ10D2
456,PT. BANK COMMONWEALTH,JAKARTA,,BICNIDJA
457,"PT. BANK DANAMON INDONESIA, TBK",BALIKPAPAN,L/C DEPARTMENT,BDINIDJABPN
458,"PT. BANK DANAMON INDONESIA, TBK",BANDUNG,BANDUNG OTISTA BRANCH,BDINIDJAOTI
459,"PT. BANK DANAMON INDONESIA, TBK",JAKARTA,,BDINIDJA
460,"PT. BANK DANAMON INDONESIA, TBK",JAKARTA,CORPORATE LC PROCESSING CENTRE,BDINIDJACLC
461,"PT. BANK DANAMON INDONESIA, TBK",JAKARTA,CUSTODIAL SERVICES,BDINIDJACUS
462,"PT. BANK DANAMON INDONESIA, TBK",JAKARTA,FINANCIAL INSTITUTIONS CORRESPONDENT BANKING,BDINIDJAIFI
463,"PT. BANK DANAMON INDONESIA, TBK",JAKARTA,INTERNATIONAL REMITTANCE,BDINIDJARMT
464,"PT. BANK DANAMON INDONESIA, TBK",JAKARTA,L/C PROCESSING CENTER - MAKASSAR,BDINIDJAMKS
465,"PT. BANK DANAMON INDONESIA, TBK",JAKARTA,LC CENTRE,BDINIDJALCC
466,"PT. BANK DANAMON INDONESIA, TBK",JAKARTA,P. JAYAKARTA BRANCH,BDINIDJ10J3
467,"PT. BANK DANAMON INDONESIA, TBK",JAKARTA,TRANSACTIONS PROCESSING CENTRE,BDINIDJATPC
468,"PT. BANK DANAMON INDONESIA, TBK",JAKARTA,TREASURY OPERATIONS,BDINIDJATRS
469,"PT. BANK DANAMON INDONESIA, TBK",MEDAN,MEDAN-ISKANDARMUDA BRANCH,BDINIDJAMIM
470,"PT. BANK DANAMON INDONESIA, TBK",MERAUKE,L/C DEPARTMENT-MEARUKE,BDINIDJAMRK
471,"PT. BANK DANAMON INDONESIA, TBK",SEMARANG,SEMARANG PEMUDA BRANCH,BDINIDJASPM
472,"PT. BANK DANAMON INDONESIA, TBK",SOLO,SOLO SRATEN BRANCH,BDINIDJASSR
473,"PT. BANK DANAMON INDONESIA, TBK",SURABAYA,L/C PROCESSING CENTRE SURABAYA,BDINIDJASBY
474,"PT. BANK DANAMON INDONESIA, TBK",TANJUNG PINANG,LC DEPARTMENT,BDINIDJATJP
475,"PT. BANK DANAMON INDONESIA, TBK",YOGYAKARTA,L/C DEPARTMENT-YOGYAKARTA,BDINIDJAYGY
476,PT. BANK GANESHA,JAKARTA,,GNESIDJA
477,PT. BANK HIBANK INDONESIA,JAKARTA,,MAYOIDJA
478,PT. BANK HIBANK INDONESIA,JAKARTA,,HBNIIDJA
479,PT. BANK JATIM,SURABAYA,,BJTMIDJA
480,PT. BANK JTRUST INDONESIA TBK,JAKARTA,,CICTIDJA
481,PT. BANK KEB HANA INDONESIA,JAKARTA,,HNBNIDJA
482,PT. BANK MASPION INDONESIA TBK,SURABAYA,,MASDIDJS
483,PT. BANK MASPION INDONESIA TBK,SURABAYA,,MASDIDJ1
484,PT. BANK MAYAPADA INTERNATIONAL TBK,JAKARTA,,MAYAIDJA
485,PT. BANK MEGA SYARIAH,JAKARTA,,BMSIIDJA
486,"PT. BANK MUAMALAT INDONESIA , TBK",JAKARTA,,MUABIDJA
487,PT. BANK NAGARI,PADANG,,PDSBIDSP
488,PT. BANK NATIONALNOBU,JAKARTA,,NOBUIDJA
489,PT. BANK NISP TBK,ANDIR,BANDUNG BRANCH,NISPID610J4
490,PT. BANK NISP TBK,BOGOR,BOGOR BRANCH,NISPID610J3
491,PT. BANK NISP TBK,CIMAHI,CIMAHI BRANCH,NISPID610J5
492,PT. BANK NISP TBK,JAKARTA,HEAD OFFICE,NISPID61
493,"PT. BANK OF INDIA INDONESIA,TBK",JAKARTA,,BKIDIDJA
494,PT. BANK PEMBANGUNAN DAERAH BALI,DENPASAR,,ABALIDBS
495,"PT. BANK PEMBANGUNAN DAERAH JAWA BARAT DAN BANTEN, TBK",BANDUNG,,PDJBIDJA
496,PT. BANK PEMBANGUNAN DAERAH KALIMANTAN TIMUR DAN KALIMANTAN UTARA,SAMARINDA,,PDKTIDJA
497,PT. BANK PEMBANGUNAN DAERAH NUSA TENGGARA TIMUR,KUPANG,,PDNTIDJA
498,PT. BANK PEMBANGUNAN DAERAH SUMATERA SELATAN DAN BANGKA BELITUNG,PALEMBANG,,BSSPIDSP
499,"PT. BANK RAKYAT INDONESIA (PERSERO), TBK",AMBON,AMBON BRANCH,BRINIDJA001
500,"PT. BANK RAKYAT INDONESIA (PERSERO), TBK",BAGAN SIAPI-API,BAGAN SIAPI-API BRANCH,BRINIDJA002
501,"PT. BANK RAKYAT INDONESIA (PERSERO), TBK",BANDA ACEH,BANDA ACEH BRANCH,BRINIDJA037
502,"PT. BANK RAKYAT INDONESIA (PERSERO), TBK",BANDUNG,ASIA AFRIKA BRANCH,BRINIDJA005
503,"PT. BANK RAKYAT INDONESIA (PERSERO), TBK",BANDUNG,DEWI SARTIKA BRANCH,BRINIDJA286
504,"PT. BANK RAKYAT INDONESIA (PERSERO), TBK",BANJARMASIN,BANJARMASIN BRANCH,BRINIDJA003
505,"PT. BANK RAKYAT INDONESIA (PERSERO), TBK",BATAM,BATAM BRANCH,BRINIDJA331
506,"PT. BANK RAKYAT INDONESIA (PERSERO), TBK",BENGKALIS,BENGKALIS BRANCH,BRINIDJA189
507,"PT. BANK RAKYAT INDONESIA (PERSERO), TBK",BIAK,BIAK BRANCH,BRINIDJA308
508,"PT. BANK RAKYAT INDONESIA (PERSERO), TBK",BONTANG,BONTANG BRANCH,BRINIDJA333
509,"PT. BANK RAKYAT INDONESIA (PERSERO), TBK",CIREBON,CIREBON BRANCH,BRINIDJA107
510,"PT. BANK RAKYAT INDONESIA (PERSERO), TBK",DILI,DILI BRANCH,BRINIDJA317
511,"PT. BANK RAKYAT INDONESIA (PERSERO), TBK",DUMAI,DUMAI BRANCH,BRINIDJA159
512,"PT. BANK RAKYAT INDONESIA (PERSERO), TBK",GRESIK,GRESIK BRANCH,BRINIDJA026
513,"PT. BANK RAKYAT INDONESIA (PERSERO), TBK",JAKARTA,,BRINIDJA
514,"PT. BANK RAKYAT INDONESIA (PERSERO), TBK",JAKARTA,,BRINIDJATRY
515,"PT. BANK RAKYAT INDONESIA (PERSERO), TBK",JAKARTA,CUSTODIAN BRI,BRINIDJACUS
516,"PT. BANK RAKYAT INDONESIA (PERSERO), TBK",JAKARTA,CUT MUTIAH BRANCH,BRINIDJA230
517,"PT. BANK RAKYAT INDONESIA (PERSERO), TBK",JAKARTA,FATMAWATI BRANCH,BRINIDJA330
518,"PT. BANK RAKYAT INDONESIA (PERSERO), TBK",JAKARTA,GATOT SUBROTO BRANCH,BRINIDJA359
519,"PT. BANK RAKYAT INDONESIA (PERSERO), TBK",JAKARTA,HAYAM WURUK BRANCH,BRINIDJA332
520,"PT. BANK RAKYAT INDONESIA (PERSERO), TBK",JAKARTA,JAKARTA KOTA BRANCH,BRINIDJA019
521,"PT. BANK RAKYAT INDONESIA (PERSERO), TBK",JAKARTA,JATINEGARA BRANCH,BRINIDJA122
522,"PT. BANK RAKYAT INDONESIA (PERSERO), TBK",JAKARTA,KCK - SPECIAL BRANCH,BRINIDJA206
523,"PT. BANK RAKYAT INDONESIA (PERSERO), TBK",JAKARTA,KEBAYORAN BARU BRANCH,BRINIDJA193
524,"PT. BANK RAKYAT INDONESIA (PERSERO), TBK",JAKARTA,KRAMAT BRANCH,BRINIDJA335
525,"PT. BANK RAKYAT INDONESIA (PERSERO), TBK",JAKARTA,KREKOT BRANCH,BRINIDJA261
526,"PT. BANK RAKYAT INDONESIA (PERSERO), TBK",JAKARTA,OTISTA BRANCH,BRINIDJA340
527,"PT. BANK RAKYAT INDONESIA (PERSERO), TBK",JAKARTA,PASAR PAGI BRANCH,BRINIDJA346
528,"PT. BANK RAKYAT INDONESIA (PERSERO), TBK",JAKARTA,ROXI BRANCH,BRINIDJA338
529,"PT. BANK RAKYAT INDONESIA (PERSERO), TBK",JAKARTA,TANAH ABANG BRANCH,BRINIDJA018
530,"PT. BANK RAKYAT INDONESIA (PERSERO), TBK",JAKARTA,TANJUNG PRIOK BRANCH,BRINIDJA186
531,"PT. BANK RAKYAT INDONESIA (PERSERO), TBK",JAKARTA,TRADE FINANCE PROCESSING CENTRE JAKARTA I,BRINIDJA370
532,"PT. BANK RAKYAT INDONESIA (PERSERO), TBK",JAKARTA,VETERAN BRANCH,BRINIDJA329
533,"PT. BANK RAKYAT INDONESIA (PERSERO), TBK",JAMBI,JAMBI BRANCH,BRINIDJA020
534,"PT. BANK RAKYAT INDONESIA (PERSERO), TBK",JEMBER,JEMBER BRANCH,BRINIDJA021
535,"PT. BANK RAKYAT INDONESIA (PERSERO), TBK",KEDIRI,KEDIRI BRANCH,BRINIDJA033
536,"PT. BANK RAKYAT INDONESIA (PERSERO), TBK",KENDARI,KENDARI BRANCH,BRINIDJA192
537,"PT. BANK RAKYAT INDONESIA (PERSERO), TBK",KOTABARU,KOTABARU BRANCH,BRINIDJA127
538,"PT. BANK RAKYAT INDONESIA (PERSERO), TBK",KUDUS,KUDUS BRANCH,BRINIDJA038
539,"PT. BANK RAKYAT INDONESIA (PERSERO), TBK",KUPANG,KUPANG BRANCH,BRINIDJA039
540,"PT. BANK RAKYAT INDONESIA (PERSERO), TBK",LANGSA,LANGSA BRANCH,BRINIDJA042
541,"PT. BANK RAKYAT INDONESIA (PERSERO), TBK",LHOKSEUMAWE,LHOKSEUMAWE BRANCH,BRINIDJA043
542,"PT. BANK RAKYAT INDONESIA (PERSERO), TBK",LUWUK,LUWUK BRANCH,BRINIDJA167
543,"PT. BANK RAKYAT INDONESIA (PERSERO), TBK",MALANG,MALANG BRANCH,BRINIDJA051
544,"PT. BANK RAKYAT INDONESIA (PERSERO), TBK",MANADO,MANADO BRANCH,BRINIDJA054
545,"PT. BANK RAKYAT INDONESIA (PERSERO), TBK",MATARAM,MATARAM BRANCH,BRINIDJA052
546,"PT. BANK RAKYAT INDONESIA (PERSERO), TBK",MEDAN,MEDAN PEMUDA BRANCH,BRINIDJA336
547,"PT. BANK RAKYAT INDONESIA (PERSERO), TBK",MEDAN,MEDAN PUTRI HIJAU BRANCH,BRINIDJA053
548,"PT. BANK RAKYAT INDONESIA (PERSERO), TBK",METRO,METRO BRANCH,BRINIDJA130
549,"PT. BANK RAKYAT INDONESIA (PERSERO), TBK",PADANG,PADANG BRANCH,BRINIDJA058
550,"PT. BANK RAKYAT INDONESIA (PERSERO), TBK",PALEMBANG,PALEMBANG BRANCH,BRINIDJA059
551,"PT. BANK RAKYAT INDONESIA (PERSERO), TBK",PANGKAL PINANG,PANGKAL PINANG BRANCH,BRINIDJA063
552,"PT. BANK RAKYAT INDONESIA (PERSERO), TBK",PANGKALAN BUN,PANGKALAN BUN BRANCH,BRINIDJA282
553,"PT. BANK RAKYAT INDONESIA (PERSERO), TBK",PEKANBARU,PEKANBARU BRANCH,BRINIDJA170
554,"PT. BANK RAKYAT INDONESIA (PERSERO), TBK",PEMATANG SIANTAR,PEMATANG SIANTAR BRANCH,BRINIDJA113
555,"PT. BANK RAKYAT INDONESIA (PERSERO), TBK",PONTIANAK,PONTIANAK BRANCH,BRINIDJA071
556,"PT. BANK RAKYAT INDONESIA (PERSERO), TBK",RABA-BIMA,RABA-BIMA BRANCH,BRINIDJA079
557,"PT. BANK RAKYAT INDONESIA (PERSERO), TBK",RENGAT,RENGAT BRANCH,BRINIDJA284
558,"PT. BANK RAKYAT INDONESIA (PERSERO), TBK",SAMARINDA,SAMARINDA BRANCH,BRINIDJA082
559,"PT. BANK RAKYAT INDONESIA (PERSERO), TBK",SAMPIT,SAMPIT BRANCH,BRINIDJA163
560,"PT. BANK RAKYAT INDONESIA (PERSERO), TBK",SEMARANG,PATTIMURA BRANCH,BRINIDJA083
561,"PT. BANK RAKYAT INDONESIA (PERSERO), TBK",SIDOARJO,SIDOARJO BRANCH,BRINIDJA086
562,"PT. BANK RAKYAT INDONESIA (PERSERO), TBK",SOLO,SLAMET RIYADI BRANCH,BRINIDJA097
563,"PT. BANK RAKYAT INDONESIA (PERSERO), TBK",SUKABUMI,SUKABUMI BRANCH,BRINIDJA092
564,"PT. BANK RAKYAT INDONESIA (PERSERO), TBK",SURABAYA,KALIASIN BRANCH,BRINIDJA096
565,"PT. BANK RAKYAT INDONESIA (PERSERO), TBK",SURABAYA,PAHLAWAN BRANCH,BRINIDJA211
566,"PT. BANK RAKYAT INDONESIA (PERSERO), TBK",SURABAYA,RAJAWALI BRANCH,BRINIDJA172
567,"PT. BANK RAKYAT INDONESIA (PERSERO), TBK",SURABAYA,TANJUNG PERAK BRANCH,BRINIDJA328
568,"PT. BANK RAKYAT INDONESIA (PERSERO), TBK",TANGERANG,TANGERANG BRANCH,BRINIDJA120
569,"PT. BANK RAKYAT INDONESIA (PERSERO), TBK",TANJUNG KARANG,TANJUNG KARANG BRANCH,BRINIDJA098
570,"PT. BANK RAKYAT INDONESIA (PERSERO), TBK",TANJUNG PANDAN,TANJUNG PANDAN BRANCH,BRINIDJA131
571,"PT. BANK RAKYAT INDONESIA (PERSERO), TBK",TANJUNG PINANG,TANJUNG PINANG BRANCH,BRINIDJA174
572,"PT. BANK RAKYAT INDONESIA (PERSERO), TBK",TEBING TINGGI,TEBINGTINGGI BRANCH,BRINIDJA283
573,"PT. BANK RAKYAT INDONESIA (PERSERO), TBK",TEGAL,TEGAL BRANCH,BRINIDJA101
574,"PT. BANK RAKYAT INDONESIA (PERSERO), TBK",TELUK BETUNG,TELUK BETUNG BRANCH,BRINIDJA285
575,"PT. BANK RAKYAT INDONESIA (PERSERO), TBK",TEMBILAHAN,TEMBILAHAN BRANCH,BRINIDJA175
576,"PT. BANK RAKYAT INDONESIA (PERSERO), TBK",TERNATE,TERNATE BRANCH,BRINIDJA103
577,"PT. BANK RAKYAT INDONESIA (PERSERO), TBK",UJUNG PANDANG,ACHMAD YANI BRANCH,BRINIDJA050
578,"PT. BANK RAKYAT INDONESIA (PERSERO), TBK",UJUNG PANDANG,SOMBA OPU BRANCH,BRINIDJA343
579,PT. BANK RAYA INDONESIA TBK,JAKARTA,,AGTBIDJA
580,PT. BANK SBI INDONESIA,JAKARTA,,SBIDIDJA
581,PT. BANK SEABANK INDONESIA,JAKARTA,,SSPIIDJA
582,PT. BANK SHINHAN INDONESIA,JAKARTA,,SHBKIDJA
583,PT. BANK SUMUT,MEDAN,,PDSUIDSA
584,"PT. BANK VICTORIA INTERNATIONAL, TBK",JAKARTA,,BVICIDJA
585,PT. BNP PARIBAS SECURITIES INDONESIA,JAKARTA,,PBPEIDJ1
586,PT. CITIGROUP SECURITIES INDONESIA,JAKARTA,,CITIIDX1
587,PT. DANAREKSA SEKURITAS,JAKARTA,,DANCIDJ1
588,PT. DANAREKSA SEKURITAS,SURABAYA,,DANCIDJ10JD
589,PT. GOLDMAN SACHS INDONESIA SECURITIES,JAKARTA,,GSIEIDJ1
590,PT. JASA UTAMA CAPITAL (JUC),JAKARTA,,KAPUIDJ1
591,PT. MAHAKARYA ARTHA SECURITIES,JAKARTA,,MAASIDJ1
592,PT. MANDIRI SEKURITAS,JAKARTA,,MASKIDJ1
593,PT. MAYBANK KIM ENG SEKURITAS,JAKARTA,,KMESIDJ1
594,PT. PANIN SEKURITAS TBK.,JAKARTA,,PANUIDJ1
595,PT. PERUSAHAAN DAGANG SUBURAMAN,MALANG,,BATSIDB1
596,PT. RHB SEKURITAS INDONESIA,JAKARTA,,ONSNIDJ1
597,PT. SUN LIFE FINANCIAL INDONESIA,JAKARTA,,SLFIIDJ1
598,PT. WATERFRONT SECURITIES INDONESIA,JAKARTA,,PARIIDJ1
599,PT.BANK MNC INTERNASIONAL TBK.,JAKARTA,,BUMIIDJA
600,PT.BANK WOORI SAUDARA INDONESIA 1906 TBK,JAKARTA,,HVBKIDJA
601,PT.PHILLIP SECURITIES INDONESIA,JAKARTA,,PHSPIDJ1
602,RASHID HUSSAIN SECURITIES PT,JAKARTA,,RHUSIDJ1
603,"REDIALINDO MANDIRI, PT",JAKARTA,,REDMIDJ1
604,"SEKURITAS INDO PASIFIK INVESTASI,PT",SURABAYA,,SEIPIDJ1
605,"SEKURITAS INDOPASIFIC INV., PT",JAKARTA,,SEIIIDJ1
606,"SINARMAS SEKURITAS, PT",JAKARTA,,SINKIDJ1
607,STANDARD CHARTERED BANK,BANDUNG,BANDUNG BRANCH,SCBLIDJXBDG
608,STANDARD CHARTERED BANK,JAKARTA,,SCBLIDJX
609,STANDARD CHARTERED BANK,JAKARTA,,STCIIDJ1
610,STANDARD CHARTERED BANK,JAKARTA,PT SCSI,SCBLIDJXIDX
611,STANDARD CHARTERED BANK,MEDAN,MEDAN BRANCH,SCBLIDJXMDN
612,STANDARD CHARTERED BANK,SEMARANG,SEMARANG BRANCH,SCBLIDJXSMG
613,STANDARD CHARTERED BANK,SURABAYA,SURABAYA BRANCH,SCBLIDJXSBY
614,TRANSPACIFIC SECURINDO PT,JAKARTA,,TRAEIDJ1
615,"UOB KAY HIAN SECURITIES, PT",JAKARTA,,UKHEIDJ1
616,VICTORIA SEKURITAS PT.,JAKARTA,,TASMIDJ1
617,YAMA BANK,JAKARTA,,BYAMIDJ1
618,"YUANTA SECURITIES INDONESIA, PT",JAKARTA,,AMIDIDJ1
